<?xml version="1.0" encoding="UTF-8"?>
<?xml-stylesheet type="text/xsl" href="xmcda2Rubis.xsl"?>
<xmcda:XMCDA xmlns:xsi="http://www.w3.org/2001/XMLSchema-instance" xsi:schemaLocation="http://www.decision-deck.org/2009/XMCDA-2.0.0 http://www.decision-deck.org/xmcda/_downloads/XMCDA-2.0.0.xsd" xmlns:xmcda="http://www.decision-deck.org/2009/XMCDA-2.0.0" instanceID="void">
<projectReference id="cool" name="cool.xml">
<title>Choosing a cooling system</title>
    <subTitle>with performance discrimination thresholds and equi-significance of all preference viewpoints and aspects</subTitle>
<author>M. Pirlot, J. Teghem, B. Ulungu, L. Divivier, P. Bulens, C. Goffin</author>
<version>Average assessments of all evaluators</version>
<comment>XMCDA-2.0.0 prepared and modified by R. Bisdorff, August 2010</comment>
    <bibliography><bibEntry>Choosing a cooling system for a power plant in Belgium. Chapter 8 in R. Bisdorff, L. Dias, V. Mousseau and M. Pirlot, Evaluation and Decision Models with Multiple Criteria: Case Studies. Springer forthcoming.</bibEntry></bibliography>
    </projectReference>
<methodParameters id="Rubis" name="Rubis best choice method" mcdaConcept="methodData">
<description>
<subTitle>Method parameters</subTitle>
<version>1.0</version>
</description>
<parameters>
<parameter name="variant">
<value>
<label>Rubis</label>
</value>
</parameter>
<parameter name="valuationType">
<value>
<label>bipolar</label>
</value>
</parameter>
</parameters>
</methodParameters>
<alternatives mcdaConcept="alternatives">
<description>
<subTitle>Potential decision actions.</subTitle>
</description>
<alternative id="a01" name="alternative 1" mcdaConcept="potentialDecisionAction">
<description>
<comment>Once through</comment>
</description>
<type>real</type>
<active>true</active>
</alternative>
<alternative id="a02" name="alternative 2" mcdaConcept="potentialDecisionAction">
<description>
<comment>After cooling tower with natutal air flow</comment>
</description>
<type>real</type>
<active>true</active>
</alternative>
<alternative id="a03" name="alternative 3" mcdaConcept="potentialDecisionAction">
<description>
<comment>Half-closed cycle with fixed concentration factor and forced air flow</comment>
</description>
<type>real</type>
<active>true</active>
</alternative>
<alternative id="a04" name="alternative 4" mcdaConcept="potentialDecisionAction">
<description>
    <comment>Half-closed cycle with fixed concentration factor and hybrid air flow</comment>
</description>
<type>real</type>
<active>true</active>
</alternative>
<alternative id="a05" name="alternative 5" mcdaConcept="potentialDecisionAction">
<description>
    <comment>Half-closed cycle with fixed concentration factor and natural air flow</comment>
</description>
<type>real</type>
<active>true</active>
</alternative>
<alternative id="a06" name="alternative 6" mcdaConcept="potentialDecisionAction">
<description>
    <comment>Half-closed cycle with variable concentration factor and natural air flow</comment>
</description>
<type>real</type>
<active>true</active>
</alternative>
<alternative id="a07" name="alternative 7" mcdaConcept="potentialDecisionAction">
<description>
<comment>Air condenser with forced air flow</comment>
</description>
<type>real</type>
<active>true</active>
</alternative>
</alternatives>
<criteria mcdaConcept="criteria">
<description>
<subTitle>Family of criteria.</subTitle>
</description>
<criterion id="no" name="noise" mcdaConcept="criterion">
<description>
<comment>noise generated by the functioning of the cooling system</comment>
<version>performance</version>
</description>
<active>true</active>
<criterionValue><value><real>1.0</real></value></criterionValue>
<scale>
<quantitative>
<preferenceDirection>max</preferenceDirection>
<minimum><real>0.0</real></minimum>
<maximum><real>10.00</real></maximum>
</quantitative>
</scale>
<thresholds>
<threshold id="ind" name="indifference" mcdaConcept="performanceDiscriminationThreshold">
<linear>
<slope><real>0.00</real></slope>
<intercept><real>0.5</real></intercept>
</linear>
</threshold>
<threshold id="pref" name="preference" mcdaConcept="performanceDiscriminationThreshold">
<linear>
<slope><real>0.00</real></slope>
<intercept><real>1.0</real></intercept>
</linear>
</threshold>
<threshold id="veto" name="veto" mcdaConcept="performanceDiscriminationThreshold">
<linear>
<slope><real>0.00</real></slope>
<intercept><real>6.00</real></intercept>
</linear>
</threshold>
</thresholds>
</criterion>
<criterion id="vi" name="view" mcdaConcept="criterion">
<description>
<comment>harmonious visual integration in the landscape</comment>
<version>performance</version>
</description>
<active>true</active>
<criterionValue><value><real>1.0</real></value></criterionValue>
<scale>
<quantitative>
<preferenceDirection>max</preferenceDirection>
<minimum><real>0.00</real></minimum>
<maximum><real>10.00</real></maximum>
</quantitative>
</scale>
<thresholds>
<threshold id="ind" name="indifference" mcdaConcept="performanceDiscriminationThreshold">
<linear>
<slope><real>0.00</real></slope>
<intercept><real>0.50</real></intercept>
</linear>
</threshold>
<threshold id="pref" name="preference" mcdaConcept="performanceDiscriminationThreshold">
<linear>
<slope><real>0.00</real></slope>
<intercept><real>1.0</real></intercept>
</linear>
</threshold>
<threshold id="veto" name="veto" mcdaConcept="performanceDiscriminationThreshold">
<linear>
<slope><real>0.00</real></slope>
<intercept><real>6.00</real></intercept>
</linear>
</threshold>
</thresholds>
</criterion>
<criterion id="im" name="im" mcdaConcept="criterion">
<description>
<comment>image of the site as perceved by the public</comment>
<version>performance</version>
</description>
<active>true</active>
<criterionValue><value><real>1.0</real></value></criterionValue>
<scale>
<quantitative>
<preferenceDirection>max</preferenceDirection>
<minimum><real>0.00</real></minimum>
<maximum><real>10.00</real></maximum>
</quantitative>
</scale>
<thresholds>
<threshold id="ind" name="indifference" mcdaConcept="performanceDiscriminationThreshold">
<linear>
<slope><real>0.00</real></slope>
<intercept><real>0.50</real></intercept>
</linear>
</threshold>
<threshold id="pref" name="preference" mcdaConcept="performanceDiscriminationThreshold">
<linear>
<slope><real>0.00</real></slope>
<intercept><real>1.0</real></intercept>
</linear>
</threshold>
<threshold id="veto" name="veto" mcdaConcept="performanceDiscriminationThreshold">
<linear>
<slope><real>0.00</real></slope>
<intercept><real>6.00</real></intercept>
</linear>
</threshold>
</thresholds>
</criterion>
<criterion id="hp" name="health of personnel" mcdaConcept="criterion">
<description>
<comment>health risks faced by the workers on the site</comment>
<version>performance</version>
</description>
<active>true</active>
<criterionValue><value><real>1.0</real></value></criterionValue>
<scale>
<quantitative>
<preferenceDirection>max</preferenceDirection>
<minimum><real>0.00</real></minimum>
<maximum><real>10.00</real></maximum>
</quantitative>
</scale>
<thresholds>
<threshold id="ind" name="indifference" mcdaConcept="performanceDiscriminationThreshold">
<linear>
<slope><real>0.00</real></slope>
<intercept><real>0.50</real></intercept>
</linear>
</threshold>
<threshold id="pref" name="preference" mcdaConcept="performanceDiscriminationThreshold">
<linear>
<slope><real>0.00</real></slope>
<intercept><real>1.0</real></intercept>
</linear>
</threshold>
<threshold id="veto" name="veto" mcdaConcept="performanceDiscriminationThreshold">
<linear>
<slope><real>0.00</real></slope>
<intercept><real>6.00</real></intercept>
</linear>
</threshold>
</thresholds>
</criterion>
<criterion id="hr" name="health of residents" mcdaConcept="criterion">
<description>
<comment>health risks faced by residents living in the neighborhood of the site</comment>
<version>performance</version>
</description>
<active>true</active>
<criterionValue><value><real>1.0</real></value></criterionValue>
<scale>
<quantitative>
<preferenceDirection>max</preferenceDirection>
<minimum><real>0.00</real></minimum>
<maximum><real>10.00</real></maximum>
</quantitative>
</scale>
<thresholds>
<threshold id="ind" name="indifference" mcdaConcept="performanceDiscriminationThreshold">
<linear>
<slope><real>0.00</real></slope>
<intercept><real>0.50</real></intercept>
</linear>
</threshold>
<threshold id="pref" name="preference" mcdaConcept="performanceDiscriminationThreshold">
<linear>
<slope><real>0.00</real></slope>
<intercept><real>1.0</real></intercept>
</linear>
</threshold>
<threshold id="veto" name="veto" mcdaConcept="performanceDiscriminationThreshold">
<linear>
<slope><real>0.00</real></slope>
<intercept><real>6.00</real></intercept>
</linear>
</threshold>
</thresholds>
</criterion>
<criterion id="sp" name="safety of personnel" mcdaConcept="criterion">
<description>
<comment>risk of accidents at work faced by the personnel</comment>
<version>performance</version>
</description>
<active>true</active>
<criterionValue><value><real>1.0</real></value></criterionValue>
<scale>
<quantitative>
<preferenceDirection>max</preferenceDirection>
<minimum><real>0.00</real></minimum>
<maximum><real>10.00</real></maximum>
</quantitative>
</scale>
<thresholds>
<threshold id="ind" name="indifference" mcdaConcept="performanceDiscriminationThreshold">
<linear>
<slope><real>0.00</real></slope>
<intercept><real>0.50</real></intercept>
</linear>
</threshold>
<threshold id="pref" name="preference" mcdaConcept="performanceDiscriminationThreshold">
<linear>
<slope><real>0.00</real></slope>
<intercept><real>5.0</real></intercept>
</linear>
</threshold>
<threshold id="veto" name="veto" mcdaConcept="performanceDiscriminationThreshold">
<linear>
<slope><real>0.00</real></slope>
<intercept><real>6.00</real></intercept>
</linear>
</threshold>
</thresholds>
</criterion>
<criterion id="sr" name="safety of residents" mcdaConcept="criterion">
<description>
<comment>risk of accidents faced by the residents and other persons in the neighborhood of the site</comment>
<version>performance</version>
</description>
<active>true</active>
<criterionValue><value><real>1.0</real></value></criterionValue>
<scale>
<quantitative>
<preferenceDirection>max</preferenceDirection>
<minimum><real>0.00</real></minimum>
<maximum><real>100.00</real></maximum>
</quantitative>
</scale>
<thresholds>
<threshold id="ind" name="indifference" mcdaConcept="performanceDiscriminationThreshold">
<linear>
<slope><real>0.00</real></slope>
<intercept><real>0.50</real></intercept>
</linear>
</threshold>
<threshold id="pref" name="preference" mcdaConcept="performanceDiscriminationThreshold">
<linear>
<slope><real>0.00</real></slope>
<intercept><real>1.0</real></intercept>
</linear>
</threshold>
<threshold id="veto" name="veto" mcdaConcept="performanceDiscriminationThreshold">
<linear>
<slope><real>0.00</real></slope>
<intercept><real>6.00</real></intercept>
</linear>
</threshold>
</thresholds>
</criterion>
<criterion id="tm" name="intake" mcdaConcept="criterion">
<description>
<comment>intake of matter from the environment which is not entirely restored to the environment in its initial state</comment>
<version>performance</version>
</description>
<active>true</active>
<criterionValue><value><real>2.0</real></value></criterionValue>
<scale>
<quantitative>
<preferenceDirection>max</preferenceDirection>
<minimum><real>0.00</real></minimum>
<maximum><real>10.00</real></maximum>
</quantitative>
</scale>
<thresholds>
<threshold id="ind" name="indifference" mcdaConcept="performanceDiscriminationThreshold">
<linear>
<slope><real>0.00</real></slope>
<intercept><real>0.50</real></intercept>
</linear>
</threshold>
<threshold id="pref" name="preference" mcdaConcept="performanceDiscriminationThreshold">
<linear>
<slope><real>0.00</real></slope>
<intercept><real>1.0</real></intercept>
</linear>
</threshold>
<threshold id="veto" name="veto" mcdaConcept="performanceDiscriminationThreshold">
<linear>
<slope><real>0.00</real></slope>
<intercept><real>6.00</real></intercept>
</linear>
</threshold>
</thresholds>
</criterion>
<criterion id="cs" name="chemical spill" mcdaConcept="criterion">
<description>
<comment>release of traced of chemicals used for cleaning the system in the environment</comment>
<version>performance</version>
</description>
<active>true</active>
<criterionValue><value><real>2.0</real></value></criterionValue>
<scale>
<quantitative>
<preferenceDirection>max</preferenceDirection>
<minimum><real>0.00</real></minimum>
<maximum><real>10.00</real></maximum>
</quantitative>
</scale>
<thresholds>
<threshold id="ind" name="indifference" mcdaConcept="performanceDiscriminationThreshold">
<linear>
<slope><real>0.00</real></slope>
<intercept><real>0.50</real></intercept>
</linear>
</threshold>
<threshold id="pref" name="preference" mcdaConcept="performanceDiscriminationThreshold">
<linear>
<slope><real>0.00</real></slope>
<intercept><real>1.0</real></intercept>
</linear>
</threshold>
<threshold id="veto" name="veto" mcdaConcept="performanceDiscriminationThreshold">
<linear>
<slope><real>0.00</real></slope>
<intercept><real>6.00</real></intercept>
</linear>
</threshold>
</thresholds>
</criterion>
<criterion id="hi" name="heat input" mcdaConcept="criterion">
<description>
<comment>impact of the heat release locally</comment>
<version>performance</version>
</description>
<active>true</active>
<criterionValue><value><real>2.0</real></value></criterionValue>
<scale>
<quantitative>
<preferenceDirection>max</preferenceDirection>
<minimum><real>0.00</real></minimum>
<maximum><real>10.00</real></maximum>
</quantitative>
</scale>
<thresholds>
<threshold id="ind" name="indifference" mcdaConcept="performanceDiscriminationThreshold">
<linear>
<slope><real>0.00</real></slope>
<intercept><real>0.50</real></intercept>
</linear>
</threshold>
<threshold id="pref" name="preference" mcdaConcept="performanceDiscriminationThreshold">
<linear>
<slope><real>0.00</real></slope>
<intercept><real>1.0</real></intercept>
</linear>
</threshold>
<threshold id="veto" name="veto" mcdaConcept="performanceDiscriminationThreshold">
<linear>
<slope><real>0.00</real></slope>
<intercept><real>6.00</real></intercept>
</linear>
</threshold>
</thresholds>
</criterion>
<criterion id="bi" name="biological impact" mcdaConcept="criterion">
<description>
<comment>impact of the local ecosystem</comment>
<version>performance</version>
</description>
<active>true</active>
<criterionValue><value><real>2.0</real></value></criterionValue>
<scale>
<quantitative>
<preferenceDirection>max</preferenceDirection>
<minimum><real>0.00</real></minimum>
<maximum><real>10.00</real></maximum>
</quantitative>
</scale>
<thresholds>
<threshold id="ind" name="indifference" mcdaConcept="performanceDiscriminationThreshold">
<linear>
<slope><real>0.00</real></slope>
<intercept><real>0.50</real></intercept>
</linear>
</threshold>
<threshold id="pref" name="preference" mcdaConcept="performanceDiscriminationThreshold">
<linear>
<slope><real>0.00</real></slope>
<intercept><real>1.0</real></intercept>
</linear>
</threshold>
<threshold id="veto" name="veto" mcdaConcept="performanceDiscriminationThreshold">
<linear>
<slope><real>0.00</real></slope>
<intercept><real>6.00</real></intercept>
</linear>
</threshold>
</thresholds>
</criterion>
<criterion id="cost" name="total costs" mcdaConcept="criterion">
<description>
<comment>Investment, running, maintenance and dismantling costs</comment>
<version>performance</version>
</description>
<active>true</active>
<criterionValue><value><real>8.0</real></value></criterionValue>
<scale>
<quantitative>
<preferenceDirection>max</preferenceDirection>
<minimum><real>0.00</real></minimum>
<maximum><real>10.00</real></maximum>
</quantitative>
</scale>
<thresholds>
<threshold id="ind" name="indifference" mcdaConcept="performanceDiscriminationThreshold">
<linear>
<slope><real>0.00</real></slope>
<intercept><real>0.50</real></intercept>
</linear>
</threshold>
<threshold id="pref" name="preference" mcdaConcept="performanceDiscriminationThreshold">
<linear>
<slope><real>0.00</real></slope>
<intercept><real>1.0</real></intercept>
</linear>
</threshold>
<threshold id="veto" name="veto" mcdaConcept="performanceDiscriminationThreshold">
<linear>
<slope><real>0.00</real></slope>
<intercept><real>6.00</real></intercept>
</linear>
</threshold>
</thresholds>
</criterion>
</criteria>
<performanceTable mcdaConcept="performanceTable">
<description>
<subTitle>Rubis Performance Table.</subTitle>
</description>
<alternativePerformances>
<alternativeID>a01</alternativeID>
<performance>
<criterionID>no</criterionID>
<value><real>8.91</real></value>
</performance>
<performance>
<criterionID>vi</criterionID>
<value><real>8.18</real></value>
</performance>
<performance>
<criterionID>im</criterionID>
<value><real>6.55</real></value>
</performance>
<performance>
<criterionID>hp</criterionID>
<value><real>7.36</real></value>
</performance>
<performance>
<criterionID>hr</criterionID>
<value><real>7.64</real></value>
</performance>
<performance>
<criterionID>sp</criterionID>
<value><real>7.82</real></value>
</performance>
<performance>
<criterionID>sr</criterionID>
<value><real>8.00</real></value>
</performance>
<performance>
<criterionID>tm</criterionID>
<value><real>2.27</real></value>
</performance>
<performance>
<criterionID>cs</criterionID>
<value><real>4.64</real></value>
</performance>
<performance>
<criterionID>hi</criterionID>
<value><real>1.82</real></value>
</performance>
<performance>
<criterionID>bi</criterionID>
<value><real>2.82</real></value>
</performance>
<performance>
<criterionID>cost</criterionID>
<value><real>3.45</real></value>
</performance>
</alternativePerformances>
<alternativePerformances>
<alternativeID>a02</alternativeID>
<performance>
<criterionID>no</criterionID>
<value><real>5.73</real></value>
</performance>
<performance>
<criterionID>vi</criterionID>
<value><real>3.36</real></value>
</performance>
<performance>
<criterionID>im</criterionID>
<value><real>3.09</real></value>
</performance>
<performance>
<criterionID>hp</criterionID>
<value><real>5.09</real></value>
</performance>
<performance>
<criterionID>hr</criterionID>
<value><real>6.45</real></value>
</performance>
<performance>
<criterionID>sp</criterionID>
<value><real>5.64</real></value>
</performance>
<performance>
<criterionID>sr</criterionID>
<value><real>6.45</real></value>
</performance>
<performance>
<criterionID>tm</criterionID>
<value><real>2.64</real></value>
</performance>
<performance>
<criterionID>cs</criterionID>
<value><real>4.64</real></value>
</performance>
<performance>
<criterionID>hi</criterionID>
<value><real>4.09</real></value>
</performance>
<performance>
<criterionID>bi</criterionID>
<value><real>4.00</real></value>
</performance>
<performance>
<criterionID>cost</criterionID>
<value><real>0.47</real></value>
</performance>
</alternativePerformances>
<alternativePerformances>
<alternativeID>a03</alternativeID>
<performance>
<criterionID>no</criterionID>
<value><real>3.18</real></value>
</performance>
<performance>
<criterionID>vi</criterionID>
<value><real>3.91</real></value>
</performance>
<performance>
<criterionID>im</criterionID>
<value><real>4.27</real></value>
</performance>
<performance>
<criterionID>hp</criterionID>
<value><real>4.18</real></value>
</performance>
<performance>
<criterionID>hr</criterionID>
<value><real>5.27</real></value>
</performance>
<performance>
<criterionID>sp</criterionID>
<value><real>5.27</real></value>
</performance>
<performance>
<criterionID>sr</criterionID>
<value><real>6.55</real></value>
</performance>
<performance>
<criterionID>tm</criterionID>
<value><real>4.55</real></value>
</performance>
<performance>
<criterionID>cs</criterionID>
<value><real>4.64</real></value>
</performance>
<performance>
<criterionID>hi</criterionID>
<value><real>5.27</real></value>
</performance>
<performance>
<criterionID>bi</criterionID>
<value><real>4.82</real></value>
</performance>
<performance>
<criterionID>cost</criterionID>
<value><real>3.22</real></value>
</performance>
</alternativePerformances>
<alternativePerformances>
<alternativeID>a04</alternativeID>
<performance>
<criterionID>no</criterionID>
<value><real>3.45</real></value>
</performance>
<performance>
<criterionID>vi</criterionID>
<value><real>4.27</real></value>
</performance>
<performance>
<criterionID>im</criterionID>
<value><real>4.91</real></value>
</performance>
<performance>
<criterionID>hp</criterionID>
<value><real>4.55</real></value>
</performance>
<performance>
<criterionID>hr</criterionID>
<value><real>5.73</real></value>
</performance>
<performance>
<criterionID>sp</criterionID>
<value><real>5.36</real></value>
</performance>
<performance>
<criterionID>sr</criterionID>
<value><real>6.45</real></value>
</performance>
<performance>
<criterionID>tm</criterionID>
<value><real>5.09</real></value>
</performance>
<performance>
<criterionID>cs</criterionID>
<value><real>4.64</real></value>
</performance>
<performance>
<criterionID>hi</criterionID>
<value><real>5.18</real></value>
</performance>
<performance>
<criterionID>bi</criterionID>
<value><real>5.00</real></value>
</performance>
<performance>
<criterionID>cost</criterionID>
<value><real>1.52</real></value>
</performance>
</alternativePerformances>
<alternativePerformances>
<alternativeID>a05</alternativeID>
<performance>
<criterionID>no</criterionID>
<value><real>5.36</real></value>
</performance>
<performance>
<criterionID>vi</criterionID>
<value><real>3.36</real></value>
</performance>
<performance>
<criterionID>im</criterionID>
<value><real>4.09</real></value>
</performance>
<performance>
<criterionID>hp</criterionID>
<value><real>4.82</real></value>
</performance>
<performance>
<criterionID>hr</criterionID>
<value><real>6.18</real></value>
</performance>
<performance>
<criterionID>sp</criterionID>
<value><real>5.55</real></value>
</performance>
<performance>
<criterionID>sr</criterionID>
<value><real>6.45</real></value>
</performance>
<performance>
<criterionID>tm</criterionID>
<value><real>4.55</real></value>
</performance>
<performance>
<criterionID>cs</criterionID>
<value><real>4.09</real></value>
</performance>
<performance>
<criterionID>hi</criterionID>
<value><real>4.91</real></value>
</performance>
<performance>
<criterionID>bi</criterionID>
<value><real>4.73</real></value>
</performance>
<performance>
<criterionID>cost</criterionID>
<value><real>2.01</real></value>
</performance>
</alternativePerformances>
<alternativePerformances>
<alternativeID>a06</alternativeID>
<performance>
<criterionID>no</criterionID>
<value><real>3.27</real></value>
</performance>
<performance>
<criterionID>vi</criterionID>
<value><real>3.82</real></value>
</performance>
<performance>
<criterionID>im</criterionID>
<value><real>4.27</real></value>
</performance>
<performance>
<criterionID>hp</criterionID>
<value><real>3.91</real></value>
</performance>
<performance>
<criterionID>hr</criterionID>
<value><real>5.45</real></value>
</performance>
<performance>
<criterionID>sp</criterionID>
<value><real>5.18</real></value>
</performance>
<performance>
<criterionID>sr</criterionID>
<value><real>6.55</real></value>
</performance>
<performance>
<criterionID>tm</criterionID>
<value><real>4.64</real></value>
</performance>
<performance>
<criterionID>cs</criterionID>
<value><real>5.36</real></value>
</performance>
<performance>
<criterionID>hi</criterionID>
<value><real>4.64</real></value>
</performance>
<performance>
<criterionID>bi</criterionID>
<value><real>4.45</real></value>
</performance>
<performance>
<criterionID>cost</criterionID>
<value><real>2.00</real></value>
</performance>
</alternativePerformances>
<alternativePerformances>
<alternativeID>a07</alternativeID>
<performance>
<criterionID>no</criterionID>
<value><real>3.45</real></value>
</performance>
<performance>
<criterionID>vi</criterionID>
<value><real>6.09</real></value>
</performance>
<performance>
<criterionID>im</criterionID>
<value><real>8.18</real></value>
</performance>
<performance>
<criterionID>hp</criterionID>
<value><real>7.91</real></value>
</performance>
<performance>
<criterionID>hr</criterionID>
<value><real>8.81</real></value>
</performance>
<performance>
<criterionID>sp</criterionID>
<value><real>6.55</real></value>
</performance>
<performance>
<criterionID>sr</criterionID>
<value><real>8.00</real></value>
</performance>
<performance>
<criterionID>tm</criterionID>
<value><real>9.18</real></value>
</performance>
<performance>
<criterionID>cs</criterionID>
<value><real>9.36</real></value>
</performance>
<performance>
<criterionID>hi</criterionID>
<value><real>8.55</real></value>
</performance>
<performance>
<criterionID>bi</criterionID>
<value><real>9.00</real></value>
</performance>
<performance>
<criterionID>cost</criterionID>
<value><real>0.00</real></value>
</performance>
</alternativePerformances>
</performanceTable>
</xmcda:XMCDA>
