<?xml version="1.0" encoding="UTF-8"?>
<?xml-stylesheet type="text/xsl" href="xmcda2Rubis.xsl"?>
<xmcda:XMCDA xmlns:xsi="http://www.w3.org/2001/XMLSchema-instance" xsi:schemaLocation="http://www.decision-deck.org/2009/XMCDA-2.0.0 file:../XMCDA2/XMCDA-2.0.0.xsd" xmlns:xmcda="http://www.decision-deck.org/2009/XMCDA-2.0.0" instanceID="void">
<projectReference id="bpaeouro20final" name="bpaeouro20final.xml">
<title>The EURO 20 Best Poster Award Chapter 5</title>
<author>Raymond Bisdorff</author>
<version>D2 MCDA Applications Book, Chapter 5</version>
</projectReference>
<methodParameters id="Rubis" name="Rubis best choice method" mcdaConcept="methodData">
<description>
<subTitle>Method parameters</subTitle>
<version>1.0</version>
</description>
<parameters>
<parameter name="variant">
<value>
<label>Rubis</label>
</value>
</parameter>
<parameter name="valuationType">
<value>
<label>bipolar</label>
</value>
</parameter>
</parameters>
</methodParameters>
<alternatives mcdaConcept="alternatives">
<description>
<subTitle>Potential decision actions.</subTitle>
</description>
<alternative id="p01" name="" mcdaConcept="potentialDecisionAction">
<description>
<comment>submitted poster</comment>
</description>
<type>real</type>
<active>true</active>
</alternative>
<alternative id="p02" name="" mcdaConcept="potentialDecisionAction">
<description>
    <comment>submitted poster</comment>
</description>
<type>real</type>
<active>true</active>
</alternative>
<alternative id="p03" name="" mcdaConcept="potentialDecisionAction">
<description>
    <comment>submitted poster</comment>
</description>
<type>real</type>
<active>true</active>
</alternative>
<alternative id="p04" name="" mcdaConcept="potentialDecisionAction">
<description>
    <comment>submitted poster</comment>
</description>
<type>real</type>
<active>true</active>
</alternative>
<alternative id="p05" name="" mcdaConcept="potentialDecisionAction">
<description>
    <comment>submitted poster</comment>
</description>
<type>real</type>
<active>true</active>
</alternative>
<alternative id="p06" name="" mcdaConcept="potentialDecisionAction">
<description>
    <comment>submitted poster</comment>
</description>
<type>real</type>
<active>true</active>
</alternative>
<alternative id="p07" name="" mcdaConcept="potentialDecisionAction">
<description>
    <comment>submitted poster</comment>
</description>
<type>real</type>
<active>true</active>
</alternative>
<alternative id="p08" name="" mcdaConcept="potentialDecisionAction">
<description>
    <comment>submitted poster</comment>
</description>
<type>real</type>
<active>true</active>
</alternative>
<alternative id="p09" name="" mcdaConcept="potentialDecisionAction">
<description>
    <comment>submitted poster</comment>
</description>
<type>real</type>
<active>true</active>
</alternative>
<alternative id="p10" name="" mcdaConcept="potentialDecisionAction">
<description>
    <comment>submitted poster</comment>
</description>
<type>real</type>
<active>true</active>
</alternative>
<alternative id="p11" name="" mcdaConcept="potentialDecisionAction">
<description>
    <comment>submitted poster</comment>
</description>
<type>real</type>
<active>true</active>
</alternative>
<alternative id="p12" name="" mcdaConcept="potentialDecisionAction">
<description>
    <comment>submitted poster</comment>
</description>
<type>real</type>
<active>true</active>
</alternative>
<alternative id="p13" name="" mcdaConcept="potentialDecisionAction">
<description>
    <comment>submitted poster</comment>
</description>
<type>real</type>
<active>true</active>
</alternative>
</alternatives>
<criteria mcdaConcept="criteria">
<description>
<subTitle>Family of criteria.</subTitle>
</description>
<criterion id="or2" name="or2" mcdaConcept="criterion">
<description>
<comment>originality evaluated by jury member j-2</comment>
<version>performance</version>
</description>
<active>true</active>
<criterionValue><value><real>2.00</real></value></criterionValue>
<scale>
<quantitative>
<preferenceDirection>max</preferenceDirection>
<minimum><real>0.00</real></minimum>
<maximum><real>10.00</real></maximum>
</quantitative>
</scale>
<thresholds>
<threshold id="ind" name="indifference" mcdaConcept="performanceDiscriminationThreshold">
<linear>
<slope><real>0.00</real></slope>
<intercept><real>0.00</real></intercept>
</linear>
</threshold>
<threshold id="pref" name="preference" mcdaConcept="performanceDiscriminationThreshold">
<linear>
<slope><real>0.00</real></slope>
<intercept><real>1.00</real></intercept>
</linear>
</threshold>
</thresholds>
</criterion>
<criterion id="or5" name="or5" mcdaConcept="criterion">
<description>
    <comment>originality evaluated by jury member j-5</comment>
<version>performance</version>
</description>
<active>true</active>
<criterionValue><value><real>2.00</real></value></criterionValue>
<scale>
<quantitative>
<preferenceDirection>max</preferenceDirection>
<minimum><real>0.00</real></minimum>
<maximum><real>10.00</real></maximum>
</quantitative>
</scale>
<thresholds>
<threshold id="ind" name="indifference" mcdaConcept="performanceDiscriminationThreshold">
<linear>
<slope><real>0.00</real></slope>
<intercept><real>0.00</real></intercept>
</linear>
</threshold>
<threshold id="pref" name="preference" mcdaConcept="performanceDiscriminationThreshold">
<linear>
<slope><real>0.00</real></slope>
<intercept><real>1.00</real></intercept>
</linear>
</threshold>
</thresholds>
</criterion>
<criterion id="or1" name="or1" mcdaConcept="criterion">
<description>
    <comment>originality evaluated by jury member j-1</comment>
<version>performance</version>
</description>
<active>true</active>
<criterionValue><value><real>2.00</real></value></criterionValue>
<scale>
<quantitative>
<preferenceDirection>max</preferenceDirection>
<minimum><real>0.00</real></minimum>
<maximum><real>10.00</real></maximum>
</quantitative>
</scale>
<thresholds>
<threshold id="ind" name="indifference" mcdaConcept="performanceDiscriminationThreshold">
<linear>
<slope><real>0.00</real></slope>
<intercept><real>0.00</real></intercept>
</linear>
</threshold>
<threshold id="pref" name="preference" mcdaConcept="performanceDiscriminationThreshold">
<linear>
<slope><real>0.00</real></slope>
<intercept><real>1.00</real></intercept>
</linear>
</threshold>
</thresholds>
</criterion>
<criterion id="or4" name="or4" mcdaConcept="criterion">
<description>
    <comment>originality evaluated by jury member j-4</comment>
<version>performance</version>
</description>
<active>true</active>
<criterionValue><value><real>2.00</real></value></criterionValue>
<scale>
<quantitative>
<preferenceDirection>max</preferenceDirection>
<minimum><real>0.00</real></minimum>
<maximum><real>10.00</real></maximum>
</quantitative>
</scale>
<thresholds>
<threshold id="ind" name="indifference" mcdaConcept="performanceDiscriminationThreshold">
<linear>
<slope><real>0.00</real></slope>
<intercept><real>0.00</real></intercept>
</linear>
</threshold>
<threshold id="pref" name="preference" mcdaConcept="performanceDiscriminationThreshold">
<linear>
<slope><real>0.00</real></slope>
<intercept><real>1.00</real></intercept>
</linear>
</threshold>
</thresholds>
</criterion>
<criterion id="or3" name="or3" mcdaConcept="criterion">
<description>
    <comment>originality evaluated by jury member j-3</comment>
<version>performance</version>
</description>
<active>true</active>
<criterionValue><value><real>2.00</real></value></criterionValue>
<scale>
<quantitative>
<preferenceDirection>max</preferenceDirection>
<minimum><real>0.00</real></minimum>
<maximum><real>10.00</real></maximum>
</quantitative>
</scale>
<thresholds>
<threshold id="ind" name="indifference" mcdaConcept="performanceDiscriminationThreshold">
<linear>
<slope><real>0.00</real></slope>
<intercept><real>0.00</real></intercept>
</linear>
</threshold>
<threshold id="pref" name="preference" mcdaConcept="performanceDiscriminationThreshold">
<linear>
<slope><real>0.00</real></slope>
<intercept><real>1.00</real></intercept>
</linear>
</threshold>
</thresholds>
</criterion>
<criterion id="tp2" name="tp2" mcdaConcept="criterion">
<description>
<comment>contribution to OR theory and practice evaluated by jury member j-2</comment>
<version>performance</version>
</description>
<active>true</active>
<criterionValue><value><real>3.00</real></value></criterionValue>
<scale>
<quantitative>
<preferenceDirection>max</preferenceDirection>
<minimum><real>0.00</real></minimum>
<maximum><real>10.00</real></maximum>
</quantitative>
</scale>
<thresholds>
<threshold id="ind" name="indifference" mcdaConcept="performanceDiscriminationThreshold">
<linear>
<slope><real>0.00</real></slope>
<intercept><real>0.00</real></intercept>
</linear>
</threshold>
<threshold id="pref" name="preference" mcdaConcept="performanceDiscriminationThreshold">
<linear>
<slope><real>0.00</real></slope>
<intercept><real>1.00</real></intercept>
</linear>
</threshold>
</thresholds>
</criterion>
<criterion id="tp5" name="tp5" mcdaConcept="criterion">
<description>
    <comment>contribution to OR theory and practice evaluated by jury member j-5</comment>
<version>performance</version>
</description>
<active>true</active>
<criterionValue><value><real>3.00</real></value></criterionValue>
<scale>
<quantitative>
<preferenceDirection>max</preferenceDirection>
<minimum><real>0.00</real></minimum>
<maximum><real>10.00</real></maximum>
</quantitative>
</scale>
<thresholds>
<threshold id="ind" name="indifference" mcdaConcept="performanceDiscriminationThreshold">
<linear>
<slope><real>0.00</real></slope>
<intercept><real>0.00</real></intercept>
</linear>
</threshold>
<threshold id="pref" name="preference" mcdaConcept="performanceDiscriminationThreshold">
<linear>
<slope><real>0.00</real></slope>
<intercept><real>1.00</real></intercept>
</linear>
</threshold>
</thresholds>
</criterion>
<criterion id="tp1" name="tp1" mcdaConcept="criterion">
<description>
    <comment>contribution to OR theory and practice evaluated by jury member j-1</comment>
<version>performance</version>
</description>
<active>true</active>
<criterionValue><value><real>3.00</real></value></criterionValue>
<scale>
<quantitative>
<preferenceDirection>max</preferenceDirection>
<minimum><real>0.00</real></minimum>
<maximum><real>10.00</real></maximum>
</quantitative>
</scale>
<thresholds>
<threshold id="ind" name="indifference" mcdaConcept="performanceDiscriminationThreshold">
<linear>
<slope><real>0.00</real></slope>
<intercept><real>0.00</real></intercept>
</linear>
</threshold>
<threshold id="pref" name="preference" mcdaConcept="performanceDiscriminationThreshold">
<linear>
<slope><real>0.00</real></slope>
<intercept><real>1.00</real></intercept>
</linear>
</threshold>
</thresholds>
</criterion>
<criterion id="tp4" name="tp4" mcdaConcept="criterion">
<description>
    <comment>contribution to OR theory and practice evaluated by jury member j-4</comment>
<version>performance</version>
</description>
<active>true</active>
<criterionValue><value><real>3.00</real></value></criterionValue>
<scale>
<quantitative>
<preferenceDirection>max</preferenceDirection>
<minimum><real>0.00</real></minimum>
<maximum><real>10.00</real></maximum>
</quantitative>
</scale>
<thresholds>
<threshold id="ind" name="indifference" mcdaConcept="performanceDiscriminationThreshold">
<linear>
<slope><real>0.00</real></slope>
<intercept><real>0.00</real></intercept>
</linear>
</threshold>
<threshold id="pref" name="preference" mcdaConcept="performanceDiscriminationThreshold">
<linear>
<slope><real>0.00</real></slope>
<intercept><real>1.00</real></intercept>
</linear>
</threshold>
</thresholds>
</criterion>
<criterion id="tp3" name="tp3" mcdaConcept="criterion">
<description>
    <comment>contribution to OR theory and practice evaluated by jury member j-3</comment>
<version>performance</version>
</description>
<active>true</active>
<criterionValue><value><real>3.00</real></value></criterionValue>
<scale>
<quantitative>
<preferenceDirection>max</preferenceDirection>
<minimum><real>0.00</real></minimum>
<maximum><real>10.00</real></maximum>
</quantitative>
</scale>
<thresholds>
<threshold id="ind" name="indifference" mcdaConcept="performanceDiscriminationThreshold">
<linear>
<slope><real>0.00</real></slope>
<intercept><real>0.00</real></intercept>
</linear>
</threshold>
<threshold id="pref" name="preference" mcdaConcept="performanceDiscriminationThreshold">
<linear>
<slope><real>0.00</real></slope>
<intercept><real>1.00</real></intercept>
</linear>
</threshold>
</thresholds>
</criterion>
<criterion id="pq2" name="pq2" mcdaConcept="criterion">
<description>
<comment>presentation quality evaluated by jury memeber j-2</comment>
<version>performance</version>
</description>
<active>true</active>
<criterionValue><value><real>1.00</real></value></criterionValue>
<scale>
<quantitative>
<preferenceDirection>max</preferenceDirection>
<minimum><real>0.00</real></minimum>
<maximum><real>10.00</real></maximum>
</quantitative>
</scale>
<thresholds>
<threshold id="ind" name="indifference" mcdaConcept="performanceDiscriminationThreshold">
<linear>
<slope><real>0.00</real></slope>
<intercept><real>0.00</real></intercept>
</linear>
</threshold>
<threshold id="pref" name="preference" mcdaConcept="performanceDiscriminationThreshold">
<linear>
<slope><real>0.00</real></slope>
<intercept><real>1.00</real></intercept>
</linear>
</threshold>
</thresholds>
</criterion>
<criterion id="pq5" name="pq5" mcdaConcept="criterion">
<description>
    <comment>presentation quality evaluated by jury memeber j-5</comment>
<version>performance</version>
</description>
<active>true</active>
<criterionValue><value><real>1.00</real></value></criterionValue>
<scale>
<quantitative>
<preferenceDirection>max</preferenceDirection>
<minimum><real>0.00</real></minimum>
<maximum><real>10.00</real></maximum>
</quantitative>
</scale>
<thresholds>
<threshold id="ind" name="indifference" mcdaConcept="performanceDiscriminationThreshold">
<linear>
<slope><real>0.00</real></slope>
<intercept><real>0.00</real></intercept>
</linear>
</threshold>
<threshold id="pref" name="preference" mcdaConcept="performanceDiscriminationThreshold">
<linear>
<slope><real>0.00</real></slope>
<intercept><real>1.00</real></intercept>
</linear>
</threshold>
</thresholds>
</criterion>
<criterion id="pq1" name="pq1" mcdaConcept="criterion">
<description>
    <comment>presentation quality evaluated by jury memeber j-1</comment>
<version>performance</version>
</description>
<active>true</active>
<criterionValue><value><real>1.00</real></value></criterionValue>
<scale>
<quantitative>
<preferenceDirection>max</preferenceDirection>
<minimum><real>0.00</real></minimum>
<maximum><real>10.00</real></maximum>
</quantitative>
</scale>
<thresholds>
<threshold id="ind" name="indifference" mcdaConcept="performanceDiscriminationThreshold">
<linear>
<slope><real>0.00</real></slope>
<intercept><real>0.00</real></intercept>
</linear>
</threshold>
<threshold id="pref" name="preference" mcdaConcept="performanceDiscriminationThreshold">
<linear>
<slope><real>0.00</real></slope>
<intercept><real>1.00</real></intercept>
</linear>
</threshold>
</thresholds>
</criterion>
<criterion id="pq4" name="pq4" mcdaConcept="criterion">
<description>
    <comment>presentation quality evaluated by jury memeber j-4</comment>
<version>performance</version>
</description>
<active>true</active>
<criterionValue><value><real>1.00</real></value></criterionValue>
<scale>
<quantitative>
<preferenceDirection>max</preferenceDirection>
<minimum><real>0.00</real></minimum>
<maximum><real>10.00</real></maximum>
</quantitative>
</scale>
<thresholds>
<threshold id="ind" name="indifference" mcdaConcept="performanceDiscriminationThreshold">
<linear>
<slope><real>0.00</real></slope>
<intercept><real>0.00</real></intercept>
</linear>
</threshold>
<threshold id="pref" name="preference" mcdaConcept="performanceDiscriminationThreshold">
<linear>
<slope><real>0.00</real></slope>
<intercept><real>1.00</real></intercept>
</linear>
</threshold>
</thresholds>
</criterion>
<criterion id="pq3" name="pq3" mcdaConcept="criterion">
<description>
    <comment>presentation quality evaluated by jury memeber j-3</comment>
<version>performance</version>
</description>
<active>true</active>
<criterionValue><value><real>1.00</real></value></criterionValue>
<scale>
<quantitative>
<preferenceDirection>max</preferenceDirection>
<minimum><real>0.00</real></minimum>
<maximum><real>10.00</real></maximum>
</quantitative>
</scale>
<thresholds>
<threshold id="ind" name="indifference" mcdaConcept="performanceDiscriminationThreshold">
<linear>
<slope><real>0.00</real></slope>
<intercept><real>0.00</real></intercept>
</linear>
</threshold>
<threshold id="pref" name="preference" mcdaConcept="performanceDiscriminationThreshold">
<linear>
<slope><real>0.00</real></slope>
<intercept><real>1.00</real></intercept>
</linear>
</threshold>
</thresholds>
</criterion>
<criterion id="sq2" name="sq2" mcdaConcept="criterion">
<description>
<comment>scientific quality evaluated by jury member j-2</comment>
<version>performance</version>
</description>
<active>true</active>
<criterionValue><value><real>4.00</real></value></criterionValue>
<scale>
<quantitative>
<preferenceDirection>max</preferenceDirection>
<minimum><real>0.00</real></minimum>
<maximum><real>10.00</real></maximum>
</quantitative>
</scale>
<thresholds>
<threshold id="ind" name="indifference" mcdaConcept="performanceDiscriminationThreshold">
<linear>
<slope><real>0.00</real></slope>
<intercept><real>0.00</real></intercept>
</linear>
</threshold>
<threshold id="pref" name="preference" mcdaConcept="performanceDiscriminationThreshold">
<linear>
<slope><real>0.00</real></slope>
<intercept><real>1.00</real></intercept>
</linear>
</threshold>
</thresholds>
</criterion>
<criterion id="sq5" name="sq5" mcdaConcept="criterion">
<description>
    <comment>scientific quality evaluated by jury member j-5</comment>
<version>performance</version>
</description>
<active>true</active>
<criterionValue><value><real>4.00</real></value></criterionValue>
<scale>
<quantitative>
<preferenceDirection>max</preferenceDirection>
<minimum><real>0.00</real></minimum>
<maximum><real>10.00</real></maximum>
</quantitative>
</scale>
<thresholds>
<threshold id="ind" name="indifference" mcdaConcept="performanceDiscriminationThreshold">
<linear>
<slope><real>0.00</real></slope>
<intercept><real>0.00</real></intercept>
</linear>
</threshold>
<threshold id="pref" name="preference" mcdaConcept="performanceDiscriminationThreshold">
<linear>
<slope><real>0.00</real></slope>
<intercept><real>1.00</real></intercept>
</linear>
</threshold>
</thresholds>
</criterion>
<criterion id="sq1" name="sq1" mcdaConcept="criterion">
<description>
    <comment>scientific quality evaluated by jury member j-1</comment>
<version>performance</version>
</description>
<active>true</active>
<criterionValue><value><real>4.00</real></value></criterionValue>
<scale>
<quantitative>
<preferenceDirection>max</preferenceDirection>
<minimum><real>0.00</real></minimum>
<maximum><real>10.00</real></maximum>
</quantitative>
</scale>
<thresholds>
<threshold id="ind" name="indifference" mcdaConcept="performanceDiscriminationThreshold">
<linear>
<slope><real>0.00</real></slope>
<intercept><real>0.00</real></intercept>
</linear>
</threshold>
<threshold id="pref" name="preference" mcdaConcept="performanceDiscriminationThreshold">
<linear>
<slope><real>0.00</real></slope>
<intercept><real>1.00</real></intercept>
</linear>
</threshold>
</thresholds>
</criterion>
<criterion id="sq4" name="sq4" mcdaConcept="criterion">
<description>
    <comment>scientific quality evaluated by jury member j-4</comment>
<version>performance</version>
</description>
<active>true</active>
<criterionValue><value><real>4.00</real></value></criterionValue>
<scale>
<quantitative>
<preferenceDirection>max</preferenceDirection>
<minimum><real>0.00</real></minimum>
<maximum><real>10.00</real></maximum>
</quantitative>
</scale>
<thresholds>
<threshold id="ind" name="indifference" mcdaConcept="performanceDiscriminationThreshold">
<linear>
<slope><real>0.00</real></slope>
<intercept><real>0.00</real></intercept>
</linear>
</threshold>
<threshold id="pref" name="preference" mcdaConcept="performanceDiscriminationThreshold">
<linear>
<slope><real>0.00</real></slope>
<intercept><real>1.00</real></intercept>
</linear>
</threshold>
</thresholds>
</criterion>
<criterion id="sq3" name="sq3" mcdaConcept="criterion">
<description>
    <comment>scientific quality evaluated by jury member j-3</comment>
<version>performance</version>
</description>
<active>true</active>
<criterionValue><value><real>4.00</real></value></criterionValue>
<scale>
<quantitative>
<preferenceDirection>max</preferenceDirection>
<minimum><real>0.00</real></minimum>
<maximum><real>10.00</real></maximum>
</quantitative>
</scale>
<thresholds>
<threshold id="ind" name="indifference" mcdaConcept="performanceDiscriminationThreshold">
<linear>
<slope><real>0.00</real></slope>
<intercept><real>0.00</real></intercept>
</linear>
</threshold>
<threshold id="pref" name="preference" mcdaConcept="performanceDiscriminationThreshold">
<linear>
<slope><real>0.00</real></slope>
<intercept><real>1.00</real></intercept>
</linear>
</threshold>
</thresholds>
</criterion>
</criteria>
<performanceTable mcdaConcept="performanceTable">
<description>
<subTitle>Rubis Performance Table.</subTitle>
</description>
<alternativePerformances>
<alternativeID>p01</alternativeID>
<performance>
<criterionID>or2</criterionID>
<value><real>6.00</real></value>
</performance>
<performance>
<criterionID>or5</criterionID>
<value><real>3.00</real></value>
</performance>
<performance>
<criterionID>or1</criterionID>
<value><real>4.00</real></value>
</performance>
<performance>
<criterionID>or4</criterionID>
<value><real>7.00</real></value>
</performance>
<performance>
<criterionID>or3</criterionID>
<value><real>6.00</real></value>
</performance>
<performance>
<criterionID>tp2</criterionID>
<value><real>7.00</real></value>
</performance>
<performance>
<criterionID>tp5</criterionID>
<value><real>3.00</real></value>
</performance>
<performance>
<criterionID>tp1</criterionID>
<value><real>4.00</real></value>
</performance>
<performance>
<criterionID>tp4</criterionID>
<value><real>5.00</real></value>
</performance>
<performance>
<criterionID>tp3</criterionID>
<value><real>6.00</real></value>
</performance>
<performance>
<criterionID>pq2</criterionID>
<value><real>7.00</real></value>
</performance>
<performance>
<criterionID>pq5</criterionID>
<value><real>2.00</real></value>
</performance>
<performance>
<criterionID>pq1</criterionID>
<value><real>4.00</real></value>
</performance>
<performance>
<criterionID>pq4</criterionID>
<value><real>6.00</real></value>
</performance>
<performance>
<criterionID>pq3</criterionID>
<value><real>5.00</real></value>
</performance>
<performance>
<criterionID>sq2</criterionID>
<value><real>7.00</real></value>
</performance>
<performance>
<criterionID>sq5</criterionID>
<value><real>3.00</real></value>
</performance>
<performance>
<criterionID>sq1</criterionID>
<value><real>4.00</real></value>
</performance>
<performance>
<criterionID>sq4</criterionID>
<value><real>5.00</real></value>
</performance>
<performance>
<criterionID>sq3</criterionID>
<value><real>5.00</real></value>
</performance>
</alternativePerformances>
<alternativePerformances>
<alternativeID>p02</alternativeID>
<performance>
<criterionID>or2</criterionID>
<value><real>1.00</real></value>
</performance>
<performance>
<criterionID>or5</criterionID>
<value><NA>NA</NA></value>
</performance>
<performance>
<criterionID>or1</criterionID>
<value><NA>NA</NA></value>
</performance>
<performance>
<criterionID>or4</criterionID>
<value><real>3.00</real></value>
</performance>
<performance>
<criterionID>or3</criterionID>
<value><real>8.00</real></value>
</performance>
<performance>
<criterionID>tp2</criterionID>
<value><real>1.00</real></value>
</performance>
<performance>
<criterionID>tp5</criterionID>
<value><NA>NA</NA></value>
</performance>
<performance>
<criterionID>tp1</criterionID>
<value><NA>NA</NA></value>
</performance>
<performance>
<criterionID>tp4</criterionID>
<value><real>3.00</real></value>
</performance>
<performance>
<criterionID>tp3</criterionID>
<value><real>7.00</real></value>
</performance>
<performance>
<criterionID>pq2</criterionID>
<value><real>3.00</real></value>
</performance>
<performance>
<criterionID>pq5</criterionID>
<value><NA>NA</NA></value>
</performance>
<performance>
<criterionID>pq1</criterionID>
<value><NA>NA</NA></value>
</performance>
<performance>
<criterionID>pq4</criterionID>
<value><real>7.00</real></value>
</performance>
<performance>
<criterionID>pq3</criterionID>
<value><real>9.00</real></value>
</performance>
<performance>
<criterionID>sq2</criterionID>
<value><real>1.00</real></value>
</performance>
<performance>
<criterionID>sq5</criterionID>
<value><NA>NA</NA></value>
</performance>
<performance>
<criterionID>sq1</criterionID>
<value><NA>NA</NA></value>
</performance>
<performance>
<criterionID>sq4</criterionID>
<value><real>2.00</real></value>
</performance>
<performance>
<criterionID>sq3</criterionID>
<value><real>6.00</real></value>
</performance>
</alternativePerformances>
<alternativePerformances>
<alternativeID>p03</alternativeID>
<performance>
<criterionID>or2</criterionID>
<value><real>7.00</real></value>
</performance>
<performance>
<criterionID>or5</criterionID>
<value><real>5.00</real></value>
</performance>
<performance>
<criterionID>or1</criterionID>
<value><real>6.00</real></value>
</performance>
<performance>
<criterionID>or4</criterionID>
<value><real>7.00</real></value>
</performance>
<performance>
<criterionID>or3</criterionID>
<value><real>7.00</real></value>
</performance>
<performance>
<criterionID>tp2</criterionID>
<value><real>9.00</real></value>
</performance>
<performance>
<criterionID>tp5</criterionID>
<value><real>4.00</real></value>
</performance>
<performance>
<criterionID>tp1</criterionID>
<value><real>8.00</real></value>
</performance>
<performance>
<criterionID>tp4</criterionID>
<value><real>7.00</real></value>
</performance>
<performance>
<criterionID>tp3</criterionID>
<value><real>7.00</real></value>
</performance>
<performance>
<criterionID>pq2</criterionID>
<value><real>6.00</real></value>
</performance>
<performance>
<criterionID>pq5</criterionID>
<value><real>5.00</real></value>
</performance>
<performance>
<criterionID>pq1</criterionID>
<value><real>6.00</real></value>
</performance>
<performance>
<criterionID>pq4</criterionID>
<value><real>6.00</real></value>
</performance>
<performance>
<criterionID>pq3</criterionID>
<value><real>9.00</real></value>
</performance>
<performance>
<criterionID>sq2</criterionID>
<value><real>6.00</real></value>
</performance>
<performance>
<criterionID>sq5</criterionID>
<value><real>2.00</real></value>
</performance>
<performance>
<criterionID>sq1</criterionID>
<value><real>6.00</real></value>
</performance>
<performance>
<criterionID>sq4</criterionID>
<value><real>7.00</real></value>
</performance>
<performance>
<criterionID>sq3</criterionID>
<value><real>7.00</real></value>
</performance>
</alternativePerformances>
<alternativePerformances>
<alternativeID>p04</alternativeID>
<performance>
<criterionID>or2</criterionID>
<value><real>8.00</real></value>
</performance>
<performance>
<criterionID>or5</criterionID>
<value><real>4.00</real></value>
</performance>
<performance>
<criterionID>or1</criterionID>
<value><real>8.00</real></value>
</performance>
<performance>
<criterionID>or4</criterionID>
<value><real>7.00</real></value>
</performance>
<performance>
<criterionID>or3</criterionID>
<value><real>7.00</real></value>
</performance>
<performance>
<criterionID>tp2</criterionID>
<value><real>8.00</real></value>
</performance>
<performance>
<criterionID>tp5</criterionID>
<value><real>4.00</real></value>
</performance>
<performance>
<criterionID>tp1</criterionID>
<value><real>7.00</real></value>
</performance>
<performance>
<criterionID>tp4</criterionID>
<value><real>6.00</real></value>
</performance>
<performance>
<criterionID>tp3</criterionID>
<value><real>6.00</real></value>
</performance>
<performance>
<criterionID>pq2</criterionID>
<value><real>6.00</real></value>
</performance>
<performance>
<criterionID>pq5</criterionID>
<value><real>6.00</real></value>
</performance>
<performance>
<criterionID>pq1</criterionID>
<value><real>8.00</real></value>
</performance>
<performance>
<criterionID>pq4</criterionID>
<value><real>7.00</real></value>
</performance>
<performance>
<criterionID>pq3</criterionID>
<value><real>7.00</real></value>
</performance>
<performance>
<criterionID>sq2</criterionID>
<value><real>9.00</real></value>
</performance>
<performance>
<criterionID>sq5</criterionID>
<value><real>6.00</real></value>
</performance>
<performance>
<criterionID>sq1</criterionID>
<value><real>8.00</real></value>
</performance>
<performance>
<criterionID>sq4</criterionID>
<value><real>6.00</real></value>
</performance>
<performance>
<criterionID>sq3</criterionID>
<value><real>9.00</real></value>
</performance>
</alternativePerformances>
<alternativePerformances>
<alternativeID>p05</alternativeID>
<performance>
<criterionID>or2</criterionID>
<value><real>5.00</real></value>
</performance>
<performance>
<criterionID>or5</criterionID>
<value><real>2.00</real></value>
</performance>
<performance>
<criterionID>or1</criterionID>
<value><real>8.00</real></value>
</performance>
<performance>
<criterionID>or4</criterionID>
<value><real>7.00</real></value>
</performance>
<performance>
<criterionID>or3</criterionID>
<value><real>7.00</real></value>
</performance>
<performance>
<criterionID>tp2</criterionID>
<value><real>7.00</real></value>
</performance>
<performance>
<criterionID>tp5</criterionID>
<value><real>0.00</real></value>
</performance>
<performance>
<criterionID>tp1</criterionID>
<value><real>8.00</real></value>
</performance>
<performance>
<criterionID>tp4</criterionID>
<value><real>7.00</real></value>
</performance>
<performance>
<criterionID>tp3</criterionID>
<value><real>5.00</real></value>
</performance>
<performance>
<criterionID>pq2</criterionID>
<value><real>8.00</real></value>
</performance>
<performance>
<criterionID>pq5</criterionID>
<value><real>5.00</real></value>
</performance>
<performance>
<criterionID>pq1</criterionID>
<value><real>8.00</real></value>
</performance>
<performance>
<criterionID>pq4</criterionID>
<value><real>7.00</real></value>
</performance>
<performance>
<criterionID>pq3</criterionID>
<value><real>8.00</real></value>
</performance>
<performance>
<criterionID>sq2</criterionID>
<value><real>6.00</real></value>
</performance>
<performance>
<criterionID>sq5</criterionID>
<value><real>2.00</real></value>
</performance>
<performance>
<criterionID>sq1</criterionID>
<value><real>8.00</real></value>
</performance>
<performance>
<criterionID>sq4</criterionID>
<value><real>8.00</real></value>
</performance>
<performance>
<criterionID>sq3</criterionID>
<value><real>8.00</real></value>
</performance>
</alternativePerformances>
<alternativePerformances>
<alternativeID>p06</alternativeID>
<performance>
<criterionID>or2</criterionID>
<value><real>5.00</real></value>
</performance>
<performance>
<criterionID>or5</criterionID>
<value><real>2.00</real></value>
</performance>
<performance>
<criterionID>or1</criterionID>
<value><real>5.00</real></value>
</performance>
<performance>
<criterionID>or4</criterionID>
<value><real>6.00</real></value>
</performance>
<performance>
<criterionID>or3</criterionID>
<value><real>5.00</real></value>
</performance>
<performance>
<criterionID>tp2</criterionID>
<value><real>7.00</real></value>
</performance>
<performance>
<criterionID>tp5</criterionID>
<value><real>0.00</real></value>
</performance>
<performance>
<criterionID>tp1</criterionID>
<value><real>5.00</real></value>
</performance>
<performance>
<criterionID>tp4</criterionID>
<value><real>5.00</real></value>
</performance>
<performance>
<criterionID>tp3</criterionID>
<value><real>5.00</real></value>
</performance>
<performance>
<criterionID>pq2</criterionID>
<value><real>7.00</real></value>
</performance>
<performance>
<criterionID>pq5</criterionID>
<value><real>4.00</real></value>
</performance>
<performance>
<criterionID>pq1</criterionID>
<value><real>5.00</real></value>
</performance>
<performance>
<criterionID>pq4</criterionID>
<value><real>5.00</real></value>
</performance>
<performance>
<criterionID>pq3</criterionID>
<value><real>6.00</real></value>
</performance>
<performance>
<criterionID>sq2</criterionID>
<value><real>5.00</real></value>
</performance>
<performance>
<criterionID>sq5</criterionID>
<value><real>2.00</real></value>
</performance>
<performance>
<criterionID>sq1</criterionID>
<value><real>5.00</real></value>
</performance>
<performance>
<criterionID>sq4</criterionID>
<value><real>6.00</real></value>
</performance>
<performance>
<criterionID>sq3</criterionID>
<value><real>5.00</real></value>
</performance>
</alternativePerformances>
<alternativePerformances>
<alternativeID>p07</alternativeID>
<performance>
<criterionID>or2</criterionID>
<value><real>5.00</real></value>
</performance>
<performance>
<criterionID>or5</criterionID>
<value><NA>NA</NA></value>
</performance>
<performance>
<criterionID>or1</criterionID>
<value><real>6.00</real></value>
</performance>
<performance>
<criterionID>or4</criterionID>
<value><real>6.00</real></value>
</performance>
<performance>
<criterionID>or3</criterionID>
<value><real>5.00</real></value>
</performance>
<performance>
<criterionID>tp2</criterionID>
<value><real>8.00</real></value>
</performance>
<performance>
<criterionID>tp5</criterionID>
<value><NA>NA</NA></value>
</performance>
<performance>
<criterionID>tp1</criterionID>
<value><real>7.00</real></value>
</performance>
<performance>
<criterionID>tp4</criterionID>
<value><real>6.00</real></value>
</performance>
<performance>
<criterionID>tp3</criterionID>
<value><real>7.00</real></value>
</performance>
<performance>
<criterionID>pq2</criterionID>
<value><real>8.00</real></value>
</performance>
<performance>
<criterionID>pq5</criterionID>
<value><NA>NA</NA></value>
</performance>
<performance>
<criterionID>pq1</criterionID>
<value><real>8.00</real></value>
</performance>
<performance>
<criterionID>pq4</criterionID>
<value><real>3.00</real></value>
</performance>
<performance>
<criterionID>pq3</criterionID>
<value><real>5.00</real></value>
</performance>
<performance>
<criterionID>sq2</criterionID>
<value><real>5.00</real></value>
</performance>
<performance>
<criterionID>sq5</criterionID>
<value><NA>NA</NA></value>
</performance>
<performance>
<criterionID>sq1</criterionID>
<value><real>6.00</real></value>
</performance>
<performance>
<criterionID>sq4</criterionID>
<value><real>6.00</real></value>
</performance>
<performance>
<criterionID>sq3</criterionID>
<value><real>6.00</real></value>
</performance>
</alternativePerformances>
<alternativePerformances>
<alternativeID>p08</alternativeID>
<performance>
<criterionID>or2</criterionID>
<value><real>3.00</real></value>
</performance>
<performance>
<criterionID>or5</criterionID>
<value><real>2.00</real></value>
</performance>
<performance>
<criterionID>or1</criterionID>
<value><real>4.00</real></value>
</performance>
<performance>
<criterionID>or4</criterionID>
<value><real>5.00</real></value>
</performance>
<performance>
<criterionID>or3</criterionID>
<value><real>7.00</real></value>
</performance>
<performance>
<criterionID>tp2</criterionID>
<value><real>5.00</real></value>
</performance>
<performance>
<criterionID>tp5</criterionID>
<value><real>0.00</real></value>
</performance>
<performance>
<criterionID>tp1</criterionID>
<value><real>4.00</real></value>
</performance>
<performance>
<criterionID>tp4</criterionID>
<value><real>6.00</real></value>
</performance>
<performance>
<criterionID>tp3</criterionID>
<value><real>5.00</real></value>
</performance>
<performance>
<criterionID>pq2</criterionID>
<value><real>5.00</real></value>
</performance>
<performance>
<criterionID>pq5</criterionID>
<value><real>4.00</real></value>
</performance>
<performance>
<criterionID>pq1</criterionID>
<value><real>7.00</real></value>
</performance>
<performance>
<criterionID>pq4</criterionID>
<value><real>5.00</real></value>
</performance>
<performance>
<criterionID>pq3</criterionID>
<value><real>10.00</real></value>
</performance>
<performance>
<criterionID>sq2</criterionID>
<value><real>5.00</real></value>
</performance>
<performance>
<criterionID>sq5</criterionID>
<value><real>2.00</real></value>
</performance>
<performance>
<criterionID>sq1</criterionID>
<value><real>4.00</real></value>
</performance>
<performance>
<criterionID>sq4</criterionID>
<value><real>6.00</real></value>
</performance>
<performance>
<criterionID>sq3</criterionID>
<value><real>5.00</real></value>
</performance>
</alternativePerformances>
<alternativePerformances>
<alternativeID>p09</alternativeID>
<performance>
<criterionID>or2</criterionID>
<value><NA>NA</NA></value>
</performance>
<performance>
<criterionID>or5</criterionID>
<value><NA>NA</NA></value>
</performance>
<performance>
<criterionID>or1</criterionID>
<value><NA>NA</NA></value>
</performance>
<performance>
<criterionID>or4</criterionID>
<value><real>3.00</real></value>
</performance>
<performance>
<criterionID>or3</criterionID>
<value><real>7.00</real></value>
</performance>
<performance>
<criterionID>tp2</criterionID>
<value><NA>NA</NA></value>
</performance>
<performance>
<criterionID>tp5</criterionID>
<value><NA>NA</NA></value>
</performance>
<performance>
<criterionID>tp1</criterionID>
<value><NA>NA</NA></value>
</performance>
<performance>
<criterionID>tp4</criterionID>
<value><real>3.00</real></value>
</performance>
<performance>
<criterionID>tp3</criterionID>
<value><real>5.00</real></value>
</performance>
<performance>
<criterionID>pq2</criterionID>
<value><real>0.00</real></value>
</performance>
<performance>
<criterionID>pq5</criterionID>
<value><NA>NA</NA></value>
</performance>
<performance>
<criterionID>pq1</criterionID>
<value><NA>NA</NA></value>
</performance>
<performance>
<criterionID>pq4</criterionID>
<value><real>3.00</real></value>
</performance>
<performance>
<criterionID>pq3</criterionID>
<value><real>10.00</real></value>
</performance>
<performance>
<criterionID>sq2</criterionID>
<value><NA>NA</NA></value>
</performance>
<performance>
<criterionID>sq5</criterionID>
<value><NA>NA</NA></value>
</performance>
<performance>
<criterionID>sq1</criterionID>
<value><NA>NA</NA></value>
</performance>
<performance>
<criterionID>sq4</criterionID>
<value><real>3.00</real></value>
</performance>
<performance>
<criterionID>sq3</criterionID>
<value><real>5.00</real></value>
</performance>
</alternativePerformances>
<alternativePerformances>
<alternativeID>p10</alternativeID>
<performance>
<criterionID>or2</criterionID>
<value><real>9.00</real></value>
</performance>
<performance>
<criterionID>or5</criterionID>
<value><real>7.00</real></value>
</performance>
<performance>
<criterionID>or1</criterionID>
<value><real>9.00</real></value>
</performance>
<performance>
<criterionID>or4</criterionID>
<value><real>7.00</real></value>
</performance>
<performance>
<criterionID>or3</criterionID>
<value><real>8.00</real></value>
</performance>
<performance>
<criterionID>tp2</criterionID>
<value><real>9.00</real></value>
</performance>
<performance>
<criterionID>tp5</criterionID>
<value><real>6.00</real></value>
</performance>
<performance>
<criterionID>tp1</criterionID>
<value><real>9.00</real></value>
</performance>
<performance>
<criterionID>tp4</criterionID>
<value><real>7.00</real></value>
</performance>
<performance>
<criterionID>tp3</criterionID>
<value><real>9.00</real></value>
</performance>
<performance>
<criterionID>pq2</criterionID>
<value><real>10.00</real></value>
</performance>
<performance>
<criterionID>pq5</criterionID>
<value><real>7.00</real></value>
</performance>
<performance>
<criterionID>pq1</criterionID>
<value><real>9.00</real></value>
</performance>
<performance>
<criterionID>pq4</criterionID>
<value><real>8.00</real></value>
</performance>
<performance>
<criterionID>pq3</criterionID>
<value><real>10.00</real></value>
</performance>
<performance>
<criterionID>sq2</criterionID>
<value><real>9.00</real></value>
</performance>
<performance>
<criterionID>sq5</criterionID>
<value><real>4.00</real></value>
</performance>
<performance>
<criterionID>sq1</criterionID>
<value><real>9.00</real></value>
</performance>
<performance>
<criterionID>sq4</criterionID>
<value><real>8.00</real></value>
</performance>
<performance>
<criterionID>sq3</criterionID>
<value><real>8.00</real></value>
</performance>
</alternativePerformances>
<alternativePerformances>
<alternativeID>p11</alternativeID>
<performance>
<criterionID>or2</criterionID>
<value><NA>NA</NA></value>
</performance>
<performance>
<criterionID>or5</criterionID>
<value><NA>NA</NA></value>
</performance>
<performance>
<criterionID>or1</criterionID>
<value><real>4.00</real></value>
</performance>
<performance>
<criterionID>or4</criterionID>
<value><real>5.00</real></value>
</performance>
<performance>
<criterionID>or3</criterionID>
<value><real>7.00</real></value>
</performance>
<performance>
<criterionID>tp2</criterionID>
<value><NA>NA</NA></value>
</performance>
<performance>
<criterionID>tp5</criterionID>
<value><NA>NA</NA></value>
</performance>
<performance>
<criterionID>tp1</criterionID>
<value><real>4.00</real></value>
</performance>
<performance>
<criterionID>tp4</criterionID>
<value><real>5.00</real></value>
</performance>
<performance>
<criterionID>tp3</criterionID>
<value><real>7.00</real></value>
</performance>
<performance>
<criterionID>pq2</criterionID>
<value><real>0.00</real></value>
</performance>
<performance>
<criterionID>pq5</criterionID>
<value><NA>NA</NA></value>
</performance>
<performance>
<criterionID>pq1</criterionID>
<value><real>4.00</real></value>
</performance>
<performance>
<criterionID>pq4</criterionID>
<value><real>3.00</real></value>
</performance>
<performance>
<criterionID>pq3</criterionID>
<value><real>3.00</real></value>
</performance>
<performance>
<criterionID>sq2</criterionID>
<value><NA>NA</NA></value>
</performance>
<performance>
<criterionID>sq5</criterionID>
<value><NA>NA</NA></value>
</performance>
<performance>
<criterionID>sq1</criterionID>
<value><real>4.00</real></value>
</performance>
<performance>
<criterionID>sq4</criterionID>
<value><real>5.00</real></value>
</performance>
<performance>
<criterionID>sq3</criterionID>
<value><real>7.00</real></value>
</performance>
</alternativePerformances>
<alternativePerformances>
<alternativeID>p12</alternativeID>
<performance>
<criterionID>or2</criterionID>
<value><real>9.00</real></value>
</performance>
<performance>
<criterionID>or5</criterionID>
<value><real>5.00</real></value>
</performance>
<performance>
<criterionID>or1</criterionID>
<value><real>6.00</real></value>
</performance>
<performance>
<criterionID>or4</criterionID>
<value><real>8.00</real></value>
</performance>
<performance>
<criterionID>or3</criterionID>
<value><real>7.00</real></value>
</performance>
<performance>
<criterionID>tp2</criterionID>
<value><real>8.00</real></value>
</performance>
<performance>
<criterionID>tp5</criterionID>
<value><real>5.00</real></value>
</performance>
<performance>
<criterionID>tp1</criterionID>
<value><real>6.00</real></value>
</performance>
<performance>
<criterionID>tp4</criterionID>
<value><real>6.00</real></value>
</performance>
<performance>
<criterionID>tp3</criterionID>
<value><real>6.00</real></value>
</performance>
<performance>
<criterionID>pq2</criterionID>
<value><real>9.00</real></value>
</performance>
<performance>
<criterionID>pq5</criterionID>
<value><real>3.00</real></value>
</performance>
<performance>
<criterionID>pq1</criterionID>
<value><real>8.00</real></value>
</performance>
<performance>
<criterionID>pq4</criterionID>
<value><real>3.00</real></value>
</performance>
<performance>
<criterionID>pq3</criterionID>
<value><real>8.00</real></value>
</performance>
<performance>
<criterionID>sq2</criterionID>
<value><real>9.00</real></value>
</performance>
<performance>
<criterionID>sq5</criterionID>
<value><real>5.00</real></value>
</performance>
<performance>
<criterionID>sq1</criterionID>
<value><real>6.00</real></value>
</performance>
<performance>
<criterionID>sq4</criterionID>
<value><real>7.00</real></value>
</performance>
<performance>
<criterionID>sq3</criterionID>
<value><real>8.00</real></value>
</performance>
</alternativePerformances>
<alternativePerformances>
<alternativeID>p13</alternativeID>
<performance>
<criterionID>or2</criterionID>
<value><real>6.00</real></value>
</performance>
<performance>
<criterionID>or5</criterionID>
<value><real>8.00</real></value>
</performance>
<performance>
<criterionID>or1</criterionID>
<value><real>4.00</real></value>
</performance>
<performance>
<criterionID>or4</criterionID>
<value><real>7.00</real></value>
</performance>
<performance>
<criterionID>or3</criterionID>
<value><real>7.00</real></value>
</performance>
<performance>
<criterionID>tp2</criterionID>
<value><real>8.00</real></value>
</performance>
<performance>
<criterionID>tp5</criterionID>
<value><real>10.00</real></value>
</performance>
<performance>
<criterionID>tp1</criterionID>
<value><real>4.00</real></value>
</performance>
<performance>
<criterionID>tp4</criterionID>
<value><real>7.00</real></value>
</performance>
<performance>
<criterionID>tp3</criterionID>
<value><real>8.00</real></value>
</performance>
<performance>
<criterionID>pq2</criterionID>
<value><real>9.00</real></value>
</performance>
<performance>
<criterionID>pq5</criterionID>
<value><real>10.00</real></value>
</performance>
<performance>
<criterionID>pq1</criterionID>
<value><real>4.00</real></value>
</performance>
<performance>
<criterionID>pq4</criterionID>
<value><real>8.00</real></value>
</performance>
<performance>
<criterionID>pq3</criterionID>
<value><real>9.00</real></value>
</performance>
<performance>
<criterionID>sq2</criterionID>
<value><real>8.00</real></value>
</performance>
<performance>
<criterionID>sq5</criterionID>
<value><real>8.00</real></value>
</performance>
<performance>
<criterionID>sq1</criterionID>
<value><real>4.00</real></value>
</performance>
<performance>
<criterionID>sq4</criterionID>
<value><real>8.00</real></value>
</performance>
<performance>
<criterionID>sq3</criterionID>
<value><real>8.00</real></value>
</performance>
</alternativePerformances>
</performanceTable>
</xmcda:XMCDA>
